<?xml version="1.0" encoding="UTF-8"?>
<metadata>
  <identifier>stick-rpg-complete</identifier>
  <mediatype>software</mediatype>
  <collection>softwarelibrary_flash_games</collection>
  <creator>XGen Studios</creator>
  <date>2003-01-03</date>
  <description>Made by XGen Studios. Play as a stick and get money by working and selling stuff. Contains drug use and fowl language.&lt;br /&gt;</description>
  <emulator>ruffle-swf</emulator>
  <language>eng</language>
  <scanner>Internet Archive HTML5 Uploader 1.6.4</scanner>
  <subject>Stick RPG Complete</subject>
  <subject>XGen Studios</subject>
  <title>Stick RPG Complete</title>
  <uploader>ds85698@duluthedison.com</uploader>
  <publicdate>2021-03-29 11:13:51</publicdate>
  <addeddate>2021-03-29 11:13:51</addeddate>
  <curation>[curator]validator@archive.org[/curator][date]20210329111933[/date][comment]checked for malware[/comment]</curation>
  <emulator_ext>swf</emulator_ext>
  <collection>softwarelibrary_flash</collection>
  <collection>softwarelibrary</collection>
  <collection>emulation</collection>
</metadata>
