<?xml version="1.0" encoding="UTF-8"?>
<files>
  <file name="00_coverscreenshot.png" source="original">
    <mtime>1636325670</mtime>
    <size>57670</size>
    <md5>377bda5dd93b048390fe781cd310d292</md5>
    <crc32>c54151dc</crc32>
    <sha1>e75d61b6a370be5adaaed3c651462d1d89a03001</sha1>
    <format>PNG</format>
  </file>
  <file name="00_coverscreenshot_thumb.jpg" source="derivative">
    <format>JPEG Thumb</format>
    <original>00_coverscreenshot.png</original>
    <mtime>1636325847</mtime>
    <size>7031</size>
    <md5>db51381810d9d0e00346516d85a35866</md5>
    <crc32>4d171dfe</crc32>
    <sha1>894d2895a23d4844536776b1632ae4dce2ee8c80</sha1>
  </file>
  <file name="Stick-RPG-Complete.swf" source="original">
    <mtime>1617020520</mtime>
    <size>1233598</size>
    <md5>2bd291ac64416ca4ebfb085c8f327811</md5>
    <crc32>ad3938bd</crc32>
    <sha1>8c3d032d1ccb6d04ecb9ccd717c4f3c4c05d6df9</sha1>
    <format>Shockwave Flash</format>
    <length>57.58</length>
    <height>400</height>
    <width>550</width>
  </file>
  <file name="__ia_thumb.jpg" source="original">
    <mtime>1636325978</mtime>
    <size>10218</size>
    <md5>b9f060a15b3278c00956bbf38e78c500</md5>
    <crc32>319729e8</crc32>
    <sha1>31c2466ff63900fa325599ed0565e2ebb7eca11c</sha1>
    <format>Item Tile</format>
    <rotation>0</rotation>
  </file>
  <file name="screenshot_00.png" source="original">
    <mtime>1636325672</mtime>
    <size>55572</size>
    <md5>3c4a92386a69e470dfc61ce1f94da914</md5>
    <crc32>1e09ca0f</crc32>
    <sha1>3e916ab7524b0846a37c79c49da04edad2e858fa</sha1>
    <format>PNG</format>
  </file>
  <file name="screenshot_00_thumb.jpg" source="derivative">
    <format>JPEG Thumb</format>
    <original>screenshot_00.png</original>
    <mtime>1636325851</mtime>
    <size>6923</size>
    <md5>c79cb836a8a60d362c067eb31291e5fe</md5>
    <crc32>a56eb819</crc32>
    <sha1>a3fa86ad6b20c69446d8518f546047276c3a77bd</sha1>
  </file>
  <file name="screenshot_01.png" source="original">
    <mtime>1636325674</mtime>
    <size>54883</size>
    <md5>bad680f0da0c953b6309aef2962be625</md5>
    <crc32>d7e44d9a</crc32>
    <sha1>d6ff2bc9729dbd37495a9f9128dd9c02900b741a</sha1>
    <format>PNG</format>
  </file>
  <file name="screenshot_01_thumb.jpg" source="derivative">
    <format>JPEG Thumb</format>
    <original>screenshot_01.png</original>
    <mtime>1636325853</mtime>
    <size>6918</size>
    <md5>84e0af9887091be284c423e9fb7b1a21</md5>
    <crc32>aedfb0c3</crc32>
    <sha1>c12705567debe2d6dffe1edaa1c810487ea464f7</sha1>
  </file>
  <file name="screenshot_02.png" source="original">
    <mtime>1636325676</mtime>
    <size>54252</size>
    <md5>bb96f03961c1cd8ffb33cec77cff7cc4</md5>
    <crc32>9cd72dc7</crc32>
    <sha1>677d6b0628267df02024b9f458b62e90db464cb4</sha1>
    <format>PNG</format>
  </file>
  <file name="screenshot_02_thumb.jpg" source="derivative">
    <format>JPEG Thumb</format>
    <original>screenshot_02.png</original>
    <mtime>1636325856</mtime>
    <size>6951</size>
    <md5>77fb5890bcd05883045208395daf500b</md5>
    <crc32>aa70a0a8</crc32>
    <sha1>53afa0880a17c54f2facf9930fb3ba572da58b4f</sha1>
  </file>
  <file name="screenshot_03.png" source="original">
    <mtime>1636325678</mtime>
    <size>55155</size>
    <md5>dbf4cd5acac3dcf7ce86db057556b591</md5>
    <crc32>e2f65278</crc32>
    <sha1>b12f18f387959b6599403fd7af571d36728962ee</sha1>
    <format>PNG</format>
  </file>
  <file name="screenshot_03_thumb.jpg" source="derivative">
    <format>JPEG Thumb</format>
    <original>screenshot_03.png</original>
    <mtime>1636325859</mtime>
    <size>6961</size>
    <md5>f49c99ab1eb2a9dddafbcaa5f0106beb</md5>
    <crc32>6cc291e1</crc32>
    <sha1>5714f6e3b3f3c2f95d4f09af51e8583055801c96</sha1>
  </file>
  <file name="screenshot_04.png" source="original">
    <mtime>1636325679</mtime>
    <size>54399</size>
    <md5>9b39257ccd707d1110e3f082091c47c6</md5>
    <crc32>2bfe4104</crc32>
    <sha1>79a8fcbacb3abe86f0f5c1ed7fc785f777919b86</sha1>
    <format>PNG</format>
  </file>
  <file name="screenshot_04_thumb.jpg" source="derivative">
    <format>JPEG Thumb</format>
    <original>screenshot_04.png</original>
    <mtime>1636325862</mtime>
    <size>6915</size>
    <md5>128b150bfb50510fda72cf1912711854</md5>
    <crc32>b14ddbe4</crc32>
    <sha1>59023f280d3bd9f8de0f90b0217b027f736573d6</sha1>
  </file>
  <file name="screenshot_05.png" source="original">
    <mtime>1636325681</mtime>
    <size>54232</size>
    <md5>bc44161e70c7ac3cee287d1898efc11d</md5>
    <crc32>f0a8a8ec</crc32>
    <sha1>6ecab10479d5ea40ec1fc5a8eb9be8c538c0286b</sha1>
    <format>PNG</format>
  </file>
  <file name="screenshot_05_thumb.jpg" source="derivative">
    <format>JPEG Thumb</format>
    <original>screenshot_05.png</original>
    <mtime>1636325864</mtime>
    <size>6915</size>
    <md5>5f80f4823b87fdc8c1f21e2a15b1b5e6</md5>
    <crc32>1e829e3f</crc32>
    <sha1>bdde46adcbf87edd71375220ee2bc54f6ed213ca</sha1>
  </file>
  <file name="screenshot_06.png" source="original">
    <mtime>1636325683</mtime>
    <size>54634</size>
    <md5>b6e4f523ec34e327ef1f76b633e87f54</md5>
    <crc32>5d396dae</crc32>
    <sha1>15f0b942fec1c2fa56236f8427fd94b02af10500</sha1>
    <format>PNG</format>
  </file>
  <file name="screenshot_06_thumb.jpg" source="derivative">
    <format>JPEG Thumb</format>
    <original>screenshot_06.png</original>
    <mtime>1636325867</mtime>
    <size>6929</size>
    <md5>690d3503c429f1c7da690764cf41f8d7</md5>
    <crc32>43bf4595</crc32>
    <sha1>8412abd195771cbd7af629920d9ca3f2685c58a5</sha1>
  </file>
  <file name="screenshot_07.png" source="original">
    <mtime>1636325685</mtime>
    <size>54763</size>
    <md5>f32f882bd06f741b1beb5f14f8cda8e9</md5>
    <crc32>64201026</crc32>
    <sha1>5003f76249a3c5441903e95155707c591f953a75</sha1>
    <format>PNG</format>
  </file>
  <file name="screenshot_07_thumb.jpg" source="derivative">
    <format>JPEG Thumb</format>
    <original>screenshot_07.png</original>
    <mtime>1636325869</mtime>
    <size>6917</size>
    <md5>c1a8680c00ea130504654f790012bb4b</md5>
    <crc32>b3536516</crc32>
    <sha1>1c0de613f885fd85cebc5a95ae1e2732569a1af7</sha1>
  </file>
  <file name="screenshot_08.png" source="original">
    <mtime>1636325692</mtime>
    <size>54311</size>
    <md5>d74022c7d1319e240c6687595d3ea75b</md5>
    <crc32>29e59929</crc32>
    <sha1>66070f0e67d78b474c8eed04b96aef588b19024d</sha1>
    <format>PNG</format>
  </file>
  <file name="screenshot_08_thumb.jpg" source="derivative">
    <format>JPEG Thumb</format>
    <original>screenshot_08.png</original>
    <mtime>1636325872</mtime>
    <size>6904</size>
    <md5>4438ca357737dba700fc8ac9f43cda50</md5>
    <crc32>9e2a87a5</crc32>
    <sha1>ac281ceae9aa1d7388912822b9a6b01bf616e398</sha1>
  </file>
  <file name="screenshot_09.png" source="original">
    <mtime>1636325705</mtime>
    <size>53649</size>
    <md5>e1a4657c66625da7f6d8d85225b2c8ae</md5>
    <crc32>bf30e8fa</crc32>
    <sha1>f8a8b48e6295c85297b382b54e63e5d97f741334</sha1>
    <format>PNG</format>
  </file>
  <file name="screenshot_09_thumb.jpg" source="derivative">
    <format>JPEG Thumb</format>
    <original>screenshot_09.png</original>
    <mtime>1636325875</mtime>
    <size>6922</size>
    <md5>ce30618816af42840415db241b3c7d80</md5>
    <crc32>1117237d</crc32>
    <sha1>18390e38cfae1a572a487c9ebd673afbe13b38a3</sha1>
  </file>
  <file name="screenshot_10.png" source="original">
    <mtime>1636325707</mtime>
    <size>54593</size>
    <md5>630b6771462aeef007f603439a7f685a</md5>
    <crc32>15982b83</crc32>
    <sha1>0f4cbf40965555eac1fb3fca4ad3dd4de75c4984</sha1>
    <format>PNG</format>
  </file>
  <file name="screenshot_10_thumb.jpg" source="derivative">
    <format>JPEG Thumb</format>
    <original>screenshot_10.png</original>
    <mtime>1636325877</mtime>
    <size>6954</size>
    <md5>e89a7f2b0689c7024940deb963be9f65</md5>
    <crc32>4ca02ecb</crc32>
    <sha1>54baad9c0d2ad76767ced3e2ad05cbdab4380d52</sha1>
  </file>
  <file name="screenshot_11.png" source="original">
    <mtime>1636325708</mtime>
    <size>55642</size>
    <md5>448a57c80cc3d8d7487858aa2fd26559</md5>
    <crc32>cae914c6</crc32>
    <sha1>56e337d1229311ca0224ac3ca42efabbd8e8530f</sha1>
    <format>PNG</format>
  </file>
  <file name="screenshot_11_thumb.jpg" source="derivative">
    <format>JPEG Thumb</format>
    <original>screenshot_11.png</original>
    <mtime>1636325880</mtime>
    <size>6964</size>
    <md5>390a1a2b474a379bc4c982dfdc190e7a</md5>
    <crc32>e09fa231</crc32>
    <sha1>bc9b96a2bba10ad94fdb854a270de204269a485a</sha1>
  </file>
  <file name="screenshot_12.png" source="original">
    <mtime>1636325710</mtime>
    <size>54255</size>
    <md5>9ef81f853c0efe6ec1ab4d039c3b05f4</md5>
    <crc32>42073540</crc32>
    <sha1>819962bc5c7d40aa8b42a2902217cc6af7a6a1ae</sha1>
    <format>PNG</format>
  </file>
  <file name="screenshot_12_thumb.jpg" source="derivative">
    <format>JPEG Thumb</format>
    <original>screenshot_12.png</original>
    <mtime>1636325883</mtime>
    <size>6926</size>
    <md5>bf5a0211b4c191360e973ec98014f014</md5>
    <crc32>fa71b72f</crc32>
    <sha1>40e9c7387c4dc2271ed1eb5d8266da5fd9336de6</sha1>
  </file>
  <file name="screenshot_13.png" source="original">
    <mtime>1636325712</mtime>
    <size>54346</size>
    <md5>6eb5abb7c833b882421e365698d3dc09</md5>
    <crc32>9dc26ad1</crc32>
    <sha1>e89541c2b2749516ee12eff5fd487ea8601bfbe1</sha1>
    <format>PNG</format>
  </file>
  <file name="screenshot_13_thumb.jpg" source="derivative">
    <format>JPEG Thumb</format>
    <original>screenshot_13.png</original>
    <mtime>1636325886</mtime>
    <size>6919</size>
    <md5>d4cffe10f758926d8ccf78dd1e542848</md5>
    <crc32>3aac2c7a</crc32>
    <sha1>016db34d0da906d2f8a773df8b1be375eca1a5f3</sha1>
  </file>
  <file name="screenshot_14.png" source="original">
    <mtime>1636325713</mtime>
    <size>54611</size>
    <md5>0b97988cce9145acdcc6ca67b2d06d86</md5>
    <crc32>997e7f3b</crc32>
    <sha1>86b0c9b9db179d60e590cdaa92b33a68dbf62b56</sha1>
    <format>PNG</format>
  </file>
  <file name="screenshot_14_thumb.jpg" source="derivative">
    <format>JPEG Thumb</format>
    <original>screenshot_14.png</original>
    <mtime>1636325888</mtime>
    <size>6910</size>
    <md5>a75c853302839b485e59884dc7111994</md5>
    <crc32>a1f70af1</crc32>
    <sha1>019a147db37030556828c54f5e714d15e8ee6d64</sha1>
  </file>
  <file name="screenshot_15.png" source="original">
    <mtime>1636325716</mtime>
    <size>55864</size>
    <md5>040005a5ffbd496b77670dc4b9c3c74f</md5>
    <crc32>d1fd79fc</crc32>
    <sha1>568ed854b3a66c8e551c8314273c891ca32b5bad</sha1>
    <format>PNG</format>
  </file>
  <file name="screenshot_15_thumb.jpg" source="derivative">
    <format>JPEG Thumb</format>
    <original>screenshot_15.png</original>
    <mtime>1636325891</mtime>
    <size>6928</size>
    <md5>80aee243ea65e59265670e999a0481db</md5>
    <crc32>805d14cc</crc32>
    <sha1>68370f3c58b1d39572722570f96b9d2f736cbca2</sha1>
  </file>
  <file name="screenshot_16.png" source="original">
    <mtime>1636325717</mtime>
    <size>55068</size>
    <md5>a477b397926d3eb05f0a24dcc2b22728</md5>
    <crc32>32efbfe5</crc32>
    <sha1>86fc43302ba7d278d274dc3a97de6a0a09770716</sha1>
    <format>PNG</format>
  </file>
  <file name="screenshot_16_thumb.jpg" source="derivative">
    <format>JPEG Thumb</format>
    <original>screenshot_16.png</original>
    <mtime>1636325894</mtime>
    <size>6918</size>
    <md5>a476daa4c816876a564f2303240fab79</md5>
    <crc32>ce59f110</crc32>
    <sha1>ad2a21defab0bbba5af22d69b56ba7f7427c36b4</sha1>
  </file>
  <file name="screenshot_17.png" source="original">
    <mtime>1636325719</mtime>
    <size>55436</size>
    <md5>2b44f668b562618731164875f69fd08e</md5>
    <crc32>4f036c13</crc32>
    <sha1>02eef7c3371470e6406efaf0df363d3a2f31f7b9</sha1>
    <format>PNG</format>
  </file>
  <file name="screenshot_17_thumb.jpg" source="derivative">
    <format>JPEG Thumb</format>
    <original>screenshot_17.png</original>
    <mtime>1636325896</mtime>
    <size>6912</size>
    <md5>5f7cc5ef7e478dffba0577df573b0bcd</md5>
    <crc32>2bb18705</crc32>
    <sha1>607274a4f19935fab5fd39dbf7a0d9ba58ee8160</sha1>
  </file>
  <file name="screenshot_18.png" source="original">
    <mtime>1636325721</mtime>
    <size>53781</size>
    <md5>a21d92142eb669ba9e2e4d38b260e62f</md5>
    <crc32>f9e1cf31</crc32>
    <sha1>6d680579e1d54e390188c80848fb372c3ae61754</sha1>
    <format>PNG</format>
  </file>
  <file name="screenshot_18_thumb.jpg" source="derivative">
    <format>JPEG Thumb</format>
    <original>screenshot_18.png</original>
    <mtime>1636325898</mtime>
    <size>6917</size>
    <md5>af6890170b08cac1f084802769e52e05</md5>
    <crc32>14cc8d4c</crc32>
    <sha1>d9ebb1b9f50cdcc7b0052d45f5304fb3deac9c27</sha1>
  </file>
  <file name="screenshot_19.png" source="original">
    <mtime>1636325723</mtime>
    <size>57670</size>
    <md5>377bda5dd93b048390fe781cd310d292</md5>
    <crc32>c54151dc</crc32>
    <sha1>e75d61b6a370be5adaaed3c651462d1d89a03001</sha1>
    <format>PNG</format>
  </file>
  <file name="screenshot_19_thumb.jpg" source="derivative">
    <format>JPEG Thumb</format>
    <original>screenshot_19.png</original>
    <mtime>1636325901</mtime>
    <size>7031</size>
    <md5>db51381810d9d0e00346516d85a35866</md5>
    <crc32>4d171dfe</crc32>
    <sha1>894d2895a23d4844536776b1632ae4dce2ee8c80</sha1>
  </file>
  <file name="screenshot_20.png" source="original">
    <mtime>1636325724</mtime>
    <size>57003</size>
    <md5>a58cbb47d7bae5e9db459f498995af9b</md5>
    <crc32>2724f116</crc32>
    <sha1>f7da571d26f2a153300fcd592172a256d5551c83</sha1>
    <format>PNG</format>
  </file>
  <file name="screenshot_20_thumb.jpg" source="derivative">
    <format>JPEG Thumb</format>
    <original>screenshot_20.png</original>
    <mtime>1636325904</mtime>
    <size>6974</size>
    <md5>8d792239c63b81cbb8dcc574c15f8d04</md5>
    <crc32>4d6d6dda</crc32>
    <sha1>de1532e2ec3419686eda105dcc70b2e1a62afb81</sha1>
  </file>
  <file name="screenshot_21.png" source="original">
    <mtime>1636325726</mtime>
    <size>56895</size>
    <md5>8277656868ec2826498d2d2f4ef2ef3f</md5>
    <crc32>77810029</crc32>
    <sha1>ea5282ab07a0c335f71c0c99e826f103b39e04cf</sha1>
    <format>PNG</format>
  </file>
  <file name="screenshot_21_thumb.jpg" source="derivative">
    <format>JPEG Thumb</format>
    <original>screenshot_21.png</original>
    <mtime>1636325906</mtime>
    <size>6947</size>
    <md5>405e07b1a6621cc218d866b8160d8c5f</md5>
    <crc32>30723c9d</crc32>
    <sha1>4677574c082ade7e1153d31adc900f293cecc767</sha1>
  </file>
  <file name="screenshot_22.png" source="original">
    <mtime>1636325728</mtime>
    <size>54577</size>
    <md5>4d1fa54c2edb1b5fbb4c9df955d790ae</md5>
    <crc32>4e626c6a</crc32>
    <sha1>ef4e992511baef68eecf31853f7c78f30cbf6d05</sha1>
    <format>PNG</format>
  </file>
  <file name="screenshot_22_thumb.jpg" source="derivative">
    <format>JPEG Thumb</format>
    <original>screenshot_22.png</original>
    <mtime>1636325908</mtime>
    <size>6950</size>
    <md5>e4e1c1ec82f321f3cb4be80cf69225fc</md5>
    <crc32>0fc3fd53</crc32>
    <sha1>da0a8411861cfebe157b6cbcf67fea64e8247c37</sha1>
  </file>
  <file name="screenshot_23.png" source="original">
    <mtime>1636325730</mtime>
    <size>55023</size>
    <md5>0f8d4711805dc5dbf81995a7f0e3ac48</md5>
    <crc32>b930bec0</crc32>
    <sha1>317ee3100ba879c23d5e139b5a73afc1d8c08e64</sha1>
    <format>PNG</format>
  </file>
  <file name="screenshot_23_thumb.jpg" source="derivative">
    <format>JPEG Thumb</format>
    <original>screenshot_23.png</original>
    <mtime>1636325911</mtime>
    <size>6953</size>
    <md5>17d33ea235aa50c92381449b094f24a6</md5>
    <crc32>e347e117</crc32>
    <sha1>5643fa1e749b7ad26e8d8aa58c25c530071eed0f</sha1>
  </file>
  <file name="screenshot_24.png" source="original">
    <mtime>1636325732</mtime>
    <size>54613</size>
    <md5>5dea71eb1a45abd3e6c1f371db6280d6</md5>
    <crc32>0192e4d7</crc32>
    <sha1>d2efbc3f5d0cd5c8058dbb13a1ac79d6eb1a05c1</sha1>
    <format>PNG</format>
  </file>
  <file name="screenshot_24_thumb.jpg" source="derivative">
    <format>JPEG Thumb</format>
    <original>screenshot_24.png</original>
    <mtime>1636325914</mtime>
    <size>6916</size>
    <md5>5090c5e71f868eecf29068e5f3bcbb8c</md5>
    <crc32>5f816001</crc32>
    <sha1>54ea18927342f96d9bf025b8029693fb216fe32b</sha1>
  </file>
  <file name="screenshot_25.png" source="original">
    <mtime>1636325733</mtime>
    <size>54578</size>
    <md5>bfef2e8ccae9ea18f0ff5d9ef0d7a023</md5>
    <crc32>8ba47ad8</crc32>
    <sha1>3a43fb04c7ad6dadab231f012ee52d30ba422d6d</sha1>
    <format>PNG</format>
  </file>
  <file name="screenshot_25_thumb.jpg" source="derivative">
    <format>JPEG Thumb</format>
    <original>screenshot_25.png</original>
    <mtime>1636325916</mtime>
    <size>6919</size>
    <md5>eb0f940033f48629bbd5a67861de5b7e</md5>
    <crc32>b1d71f8f</crc32>
    <sha1>40449366e43e36669b9a45d235686fb51b1db871</sha1>
  </file>
  <file name="screenshot_26.png" source="original">
    <mtime>1636325736</mtime>
    <size>54332</size>
    <md5>06ec4f8342abef8c268c98812c86a06a</md5>
    <crc32>26ab49ef</crc32>
    <sha1>c17eba3c3263fcfb11cd2b3eab67af44fb72b11c</sha1>
    <format>PNG</format>
  </file>
  <file name="screenshot_26_thumb.jpg" source="derivative">
    <format>JPEG Thumb</format>
    <original>screenshot_26.png</original>
    <mtime>1636325918</mtime>
    <size>6926</size>
    <md5>f1439a4dbfd4ca2fefc3da2c093ee822</md5>
    <crc32>04df93fd</crc32>
    <sha1>27becc432c294d6110b1e0f9a4504fa4eb068d23</sha1>
  </file>
  <file name="screenshot_27.png" source="original">
    <mtime>1636325737</mtime>
    <size>54094</size>
    <md5>92ec9bd50bb97a5d1aeb1268644e9431</md5>
    <crc32>9a3544ff</crc32>
    <sha1>03c0fbdcf612ecff1d7f34d37db03fd25a8e28a4</sha1>
    <format>PNG</format>
  </file>
  <file name="screenshot_27_thumb.jpg" source="derivative">
    <format>JPEG Thumb</format>
    <original>screenshot_27.png</original>
    <mtime>1636325921</mtime>
    <size>6915</size>
    <md5>a50e740a2bf3982acf10118c3f6a54f0</md5>
    <crc32>aa30a429</crc32>
    <sha1>d223eb622df2532c0e54caa136123e02b5ab30b9</sha1>
  </file>
  <file name="screenshot_28.png" source="original">
    <mtime>1636325739</mtime>
    <size>54478</size>
    <md5>b3b9140018950159ec2fe268e4704975</md5>
    <crc32>b0d9a3b1</crc32>
    <sha1>81c8da540f59ce293c851c8cb2554f00dcbc57b2</sha1>
    <format>PNG</format>
  </file>
  <file name="screenshot_28_thumb.jpg" source="derivative">
    <format>JPEG Thumb</format>
    <original>screenshot_28.png</original>
    <mtime>1636325923</mtime>
    <size>6922</size>
    <md5>388b3d642fcc93f960a6c067f3e5d2ff</md5>
    <crc32>072f6cfb</crc32>
    <sha1>eb9e436004b6e6d24f015051a1fe9baa14a0cc50</sha1>
  </file>
  <file name="screenshot_29.png" source="original">
    <mtime>1636325741</mtime>
    <size>54774</size>
    <md5>b302e63d42b6dba327b1534efed05a79</md5>
    <crc32>8b48cec8</crc32>
    <sha1>4f8dcf84dd22303e0dc20a3b22d2291105275cdb</sha1>
    <format>PNG</format>
  </file>
  <file name="screenshot_29_thumb.jpg" source="derivative">
    <format>JPEG Thumb</format>
    <original>screenshot_29.png</original>
    <mtime>1636325926</mtime>
    <size>6918</size>
    <md5>3b3ed4b40ad595d06e9ee7ee0de95aac</md5>
    <crc32>66f0a1ae</crc32>
    <sha1>0a9a6292436905054d44a3e1ebf5acd07d599a5a</sha1>
  </file>
  <file name="stick-rpg-complete_archive.torrent" source="metadata">
    <btih>263b23ed682115b92a88c917ed522eef29b0ca7f</btih>
    <mtime>1667232683</mtime>
    <size>13007</size>
    <md5>a899957a954dd5dc976575751efb4fa6</md5>
    <crc32>fda1f2f0</crc32>
    <sha1>5ad570881ed5dead8681efd2be73924d831f2329</sha1>
    <format>Archive BitTorrent</format>
  </file>
  <file name="stick-rpg-complete_files.xml" source="original">
    <format>Metadata</format>
    <md5>269af71953df6468183b7606b9beffe1</md5>
    <summation>md5</summation>
  </file>
  <file name="stick-rpg-complete_meta.sqlite" source="original">
    <mtime>1636325751</mtime>
    <size>44032</size>
    <md5>76b2020f9f8703f1765291fcef2f434b</md5>
    <crc32>a3b258ed</crc32>
    <sha1>b17e328799273daf4453a144fb56548d999d01c3</sha1>
    <format>Metadata</format>
  </file>
  <file name="stick-rpg-complete_meta.xml" source="original">
    <mtime>1652117499</mtime>
    <size>1080</size>
    <md5>3c4dffede171aeafdd49fc19b7585232</md5>
    <crc32>c59ae1c5</crc32>
    <sha1>827d32f6d243cd96177228eb550d5e000432470e</sha1>
    <format>Metadata</format>
  </file>
  <file name="stick-rpg-complete_reviews.xml" source="original">
    <mtime>1667232681</mtime>
    <size>4479</size>
    <md5>dbc8dfb9296689b319a058cfffe2aa88</md5>
    <crc32>3daf7944</crc32>
    <sha1>1ed8d0d679617a9dcb5f8215229aaa1fb6bdffc0</sha1>
    <format>Metadata</format>
  </file>
  <file name="stick-rpg-complete_screenshot.gif" source="original">
    <mtime>1636325750</mtime>
    <size>2114910</size>
    <md5>c21d80f8f2312b61037a49783708c057</md5>
    <crc32>36aae46c</crc32>
    <sha1>2e7e3f839dfff8c98131c715f47c20228583f44f</sha1>
    <format>Emulator Screenshot</format>
  </file>
</files>
