<?xml version="1.0" encoding="UTF-8"?>
<reviews itemIdentifier="stick-rpg-complete">
  <review>
    <reviewtitle>I LOVE THIS GAME</reviewtitle>
    <reviewbody>When I find out this I was addicted to it and since this game was a 
masterpiece thank you for this game without it I be nothing</reviewbody>
    <stars>5</stars>
    <reviewer>DeAndrei DeGuire</reviewer>
    <reviewdate>2021-12-09 23:35:47</reviewdate>
    <createdate>2021-12-09 23:35:47</createdate>
    <reviewer_itemname>@deandrei_deguire</reviewer_itemname>
  </review>
  <review>
    <reviewtitle>Love it... Uh...</reviewtitle>
    <reviewbody>Hey, I love this game. It's great, and I am glad that someone was kind enough to upload this with the emulator. But how did you get the emulator to work? I am trying to upload a game, and I need to use an SWF emulator as well...</reviewbody>
    <stars>5</stars>
    <reviewer>loginagoofmc</reviewer>
    <reviewdate>2022-03-11 18:44:33</reviewdate>
    <createdate>2022-03-11 18:44:33</createdate>
    <reviewer_itemname>@logan_alldredge</reviewer_itemname>
  </review>
  <review>
    <reviewtitle>I have an issue</reviewtitle>
    <reviewbody>It wont let me in and i have attempted to start this multiple times</reviewbody>
    <stars>0</stars>
    <reviewer>Leeandkale666</reviewer>
    <reviewdate>2022-05-09 17:31:36</reviewdate>
    <createdate>2022-05-09 17:31:36</createdate>
    <reviewer_itemname>@leeandkale666</reviewer_itemname>
  </review>
  <review>
    <reviewtitle>i like it</reviewtitle>
    <reviewbody> this is a good game</reviewbody>
    <stars>5</stars>
    <reviewer>ndsghdbshadfhxb</reviewer>
    <reviewdate>2022-08-08 04:42:25</reviewdate>
    <createdate>2022-08-08 04:42:25</createdate>
    <reviewer_itemname>@ndsghdbshadfhxb</reviewer_itemname>
  </review>
  <review>
    <reviewtitle>This game is good</reviewtitle>
    <reviewbody>i love this game Im cant stop playing on the bus to school or at home  5 out of 5
</reviewbody>
    <stars>5</stars>
    <reviewer>Cheetah Leader</reviewer>
    <reviewdate>2022-08-17 11:56:46</reviewdate>
    <createdate>2022-08-17 11:56:46</createdate>
    <reviewer_itemname>@cheetah_leader</reviewer_itemname>
  </review>
  <review>
    <reviewtitle>shity</reviewtitle>
    <reviewbody>game fucking blows, doesnt save at all unless your signed up </reviewbody>
    <stars>0</stars>
    <reviewer>jacksonttt</reviewer>
    <reviewdate>2022-08-28 06:19:15</reviewdate>
    <createdate>2022-08-28 06:19:15</createdate>
    <reviewer_itemname>@jacksonttt</reviewer_itemname>
  </review>
  <review>
    <reviewtitle>Game is good</reviewtitle>
    <reviewbody>Pretty decent game, wish there was more to it though.</reviewbody>
    <stars>4</stars>
    <reviewer>Eljay Belo</reviewer>
    <reviewdate>2022-09-10 22:14:01</reviewdate>
    <createdate>2022-09-10 22:14:01</createdate>
    <reviewer_itemname>@eljay_belo</reviewer_itemname>
  </review>
  <review>
    <reviewtitle>issue</reviewtitle>
    <reviewbody>It wont go past the loading emulator part so i cant play</reviewbody>
    <stars>1</stars>
    <reviewer>Collin Hopkins</reviewer>
    <reviewdate>2022-09-15 15:49:11</reviewdate>
    <createdate>2022-09-15 15:49:11</createdate>
    <reviewer_itemname>@collin_hopkins</reviewer_itemname>
  </review>
  <review>
    <reviewtitle>Stick RPG 2</reviewtitle>
    <reviewbody>Is it possible for you to try and get stick rpg 2 working on here?</reviewbody>
    <stars>0</stars>
    <reviewer>Jace Minor</reviewer>
    <reviewdate>2022-09-25 21:41:46</reviewdate>
    <createdate>2022-09-25 21:41:46</createdate>
    <reviewer_itemname>@jace_minor</reviewer_itemname>
  </review>
  <review>
    <reviewtitle>pretty good</reviewtitle>
    <reviewbody>I have one complaint it used to save no matter what now it doesn't even save</reviewbody>
    <stars>4</stars>
    <reviewer>Jose Cuevas712</reviewer>
    <reviewdate>2022-10-13 12:54:22</reviewdate>
    <createdate>2022-10-13 12:54:22</createdate>
    <reviewer_itemname>@jose_cuevas712</reviewer_itemname>
  </review>
  <review>
    <reviewtitle>BGE</reviewtitle>
    <reviewbody>BEST GAME EVER🤩!!!</reviewbody>
    <stars>5</stars>
    <reviewer>Benjamin Walsh825</reviewer>
    <reviewdate>2022-10-31 16:11:18</reviewdate>
    <createdate>2022-10-31 16:11:18</createdate>
    <reviewer_itemname>@benjamin_walsh825</reviewer_itemname>
  </review>
  <info>
    <num_reviews>11</num_reviews>
    <avg_rating>4.25</avg_rating>
  </info>
</reviews>
